time_ms,raw,filtered
1.985600000000000000e+04,-1.152601000000000000e+06,-1.152601000000000000e+06
1.985700000000000000e+04,-1.148715000000000000e+06,-1.152212379999999888e+06
1.986800000000000000e+04,-1.146695000000000000e+06,-1.151660620000000112e+06
1.987900000000000000e+04,-1.152655000000000000e+06,-1.151760000000000000e+06
1.989100000000000000e+04,-1.149980000000000000e+06,-1.151582000000000000e+06
1.990200000000000000e+04,-1.146423000000000000e+06,-1.151066000000000000e+06
1.991300000000000000e+04,-1.152429000000000000e+06,-1.151202250000000000e+06
1.992500000000000000e+04,-1.151072000000000000e+06,-1.151189250000000000e+06
1.993600000000000000e+04,-1.146484000000000000e+06,-1.150718750000000000e+06
1.994700000000000000e+04,-1.151951000000000000e+06,-1.150842000000000000e+06
1.995900000000000000e+04,-1.151974000000000000e+06,-1.150955120000000112e+06
1.997000000000000000e+04,-1.146553000000000000e+06,-1.150514879999999888e+06
1.998100000000000000e+04,-1.151702000000000000e+06,-1.150633620000000112e+06
1.999300000000000000e+04,-1.153046000000000000e+06,-1.150874879999999888e+06
2.000400000000000000e+04,-1.147248000000000000e+06,-1.150512120000000112e+06
2.001500000000000000e+04,-1.150943000000000000e+06,-1.150555120000000112e+06
2.002600000000000000e+04,-1.153541000000000000e+06,-1.150853620000000112e+06
2.003800000000000000e+04,-1.147878000000000000e+06,-1.150556000000000000e+06
2.004900000000000000e+04,-1.150713000000000000e+06,-1.150571620000000112e+06
2.006000000000000000e+04,-1.154215000000000000e+06,-1.150936000000000000e+06
2.007200000000000000e+04,-1.148184000000000000e+06,-1.150660750000000000e+06
2.008300000000000000e+04,-1.149782000000000000e+06,-1.150572879999999888e+06
2.009400000000000000e+04,-1.154246000000000000e+06,-1.150940120000000112e+06
2.010600000000000000e+04,-1.148459000000000000e+06,-1.150692000000000000e+06
2.011700000000000000e+04,-1.148906000000000000e+06,-1.150513379999999888e+06
2.012800000000000000e+04,-1.154485000000000000e+06,-1.150910500000000000e+06
2.014000000000000000e+04,-1.149539000000000000e+06,-1.150773379999999888e+06
2.015100000000000000e+04,-1.148895000000000000e+06,-1.150585500000000000e+06
2.016200000000000000e+04,-1.154731000000000000e+06,-1.151000000000000000e+06
2.017400000000000000e+04,-1.150897000000000000e+06,-1.150989750000000000e+06
2.018500000000000000e+04,-1.148352000000000000e+06,-1.150726000000000000e+06
2.019600000000000000e+04,-1.154269000000000000e+06,-1.151080250000000000e+06
2.020700000000000000e+04,-1.151682000000000000e+06,-1.151140379999999888e+06
2.021900000000000000e+04,-1.148030000000000000e+06,-1.150829250000000000e+06
2.023000000000000000e+04,-1.154001000000000000e+06,-1.151146379999999888e+06
2.024100000000000000e+04,-1.152349000000000000e+06,-1.151266620000000112e+06
2.025300000000000000e+04,-1.147964000000000000e+06,-1.150936379999999888e+06
2.026400000000000000e+04,-1.153501000000000000e+06,-1.151192750000000000e+06
2.027500000000000000e+04,-1.153045000000000000e+06,-1.151378000000000000e+06
2.028700000000000000e+04,-1.148115000000000000e+06,-1.151051750000000000e+06
2.029800000000000000e+04,-1.153482000000000000e+06,-1.151294750000000000e+06
2.030900000000000000e+04,-1.154216000000000000e+06,-1.151586879999999888e+06
2.032100000000000000e+04,-1.148411000000000000e+06,-1.151269250000000000e+06
2.033200000000000000e+04,-1.153291000000000000e+06,-1.151471379999999888e+06
2.034300000000000000e+04,-1.155275000000000000e+06,-1.151851750000000000e+06
2.035400000000000000e+04,-1.148476000000000000e+06,-1.151514120000000112e+06
2.036600000000000000e+04,-1.152023000000000000e+06,-1.151565000000000000e+06
2.037700000000000000e+04,-1.155891000000000000e+06,-1.151997620000000112e+06
2.038800000000000000e+04,-1.149560000000000000e+06,-1.151753750000000000e+06
2.040000000000000000e+04,-1.151626000000000000e+06,-1.151741000000000000e+06
2.041100000000000000e+04,-1.155880000000000000e+06,-1.152154879999999888e+06
2.042200000000000000e+04,-1.150267000000000000e+06,-1.151966120000000112e+06
2.043400000000000000e+04,-1.150984000000000000e+06,-1.151867879999999888e+06
2.044500000000000000e+04,-1.156261000000000000e+06,-1.152307120000000112e+06
2.045600000000000000e+04,-1.150814000000000000e+06,-1.152157750000000000e+06
2.046800000000000000e+04,-1.150237000000000000e+06,-1.151965620000000112e+06
2.047900000000000000e+04,-1.156155000000000000e+06,-1.152384500000000000e+06
2.049000000000000000e+04,-1.152114000000000000e+06,-1.152357379999999888e+06
2.050200000000000000e+04,-1.150225000000000000e+06,-1.152144120000000112e+06
2.051300000000000000e+04,-1.156346000000000000e+06,-1.152564250000000000e+06
2.052400000000000000e+04,-1.153063000000000000e+06,-1.152614120000000112e+06
2.053500000000000000e+04,-1.150024000000000000e+06,-1.152355120000000112e+06
2.054700000000000000e+04,-1.155957000000000000e+06,-1.152715250000000000e+06
2.055800000000000000e+04,-1.154195000000000000e+06,-1.152863250000000000e+06
2.056900000000000000e+04,-1.149691000000000000e+06,-1.152546000000000000e+06
2.058100000000000000e+04,-1.155433000000000000e+06,-1.152834620000000112e+06
2.059200000000000000e+04,-1.155011000000000000e+06,-1.153052250000000000e+06
2.060300000000000000e+04,-1.149399000000000000e+06,-1.152686879999999888e+06
2.061500000000000000e+04,-1.154994000000000000e+06,-1.152917620000000112e+06
2.062600000000000000e+04,-1.155577000000000000e+06,-1.153183500000000000e+06
2.063700000000000000e+04,-1.150095000000000000e+06,-1.152874620000000112e+06
2.064900000000000000e+04,-1.154417000000000000e+06,-1.153028879999999888e+06
2.066000000000000000e+04,-1.156273000000000000e+06,-1.153353250000000000e+06
2.067100000000000000e+04,-1.150568000000000000e+06,-1.153074620000000112e+06
2.068200000000000000e+04,-1.153617000000000000e+06,-1.153128879999999888e+06
2.069400000000000000e+04,-1.156935000000000000e+06,-1.153509500000000000e+06
2.070500000000000000e+04,-1.150841000000000000e+06,-1.153242620000000112e+06
2.071600000000000000e+04,-1.152642000000000000e+06,-1.153182500000000000e+06
2.072800000000000000e+04,-1.156917000000000000e+06,-1.153556000000000000e+06
2.073900000000000000e+04,-1.151438000000000000e+06,-1.153344120000000112e+06
2.075000000000000000e+04,-1.152259000000000000e+06,-1.153235620000000112e+06
2.076200000000000000e+04,-1.157306000000000000e+06,-1.153642620000000112e+06
2.077300000000000000e+04,-1.152111000000000000e+06,-1.153489379999999888e+06
2.078400000000000000e+04,-1.151623000000000000e+06,-1.153302750000000000e+06
2.079600000000000000e+04,-1.157633000000000000e+06,-1.153735750000000000e+06
2.080700000000000000e+04,-1.153496000000000000e+06,-1.153711750000000000e+06
2.081800000000000000e+04,-1.151295000000000000e+06,-1.153470000000000000e+06
2.082900000000000000e+04,-1.157303000000000000e+06,-1.153853250000000000e+06
2.084100000000000000e+04,-1.154443000000000000e+06,-1.153912120000000112e+06
2.085200000000000000e+04,-1.151761000000000000e+06,-1.153697000000000000e+06
2.086300000000000000e+04,-1.157619000000000000e+06,-1.154089120000000112e+06
2.087500000000000000e+04,-1.154908000000000000e+06,-1.154171000000000000e+06
2.088600000000000000e+04,-1.150039000000000000e+06,-1.153757750000000000e+06
2.089700000000000000e+04,-1.155747000000000000e+06,-1.153956620000000112e+06
2.090900000000000000e+04,-1.155359000000000000e+06,-1.154096879999999888e+06
2.092000000000000000e+04,-1.150740000000000000e+06,-1.153761250000000000e+06
2.093100000000000000e+04,-1.156370000000000000e+06,-1.154022120000000112e+06
2.094300000000000000e+04,-1.157151000000000000e+06,-1.154335000000000000e+06
2.095400000000000000e+04,-1.151091000000000000e+06,-1.154010620000000112e+06
2.096500000000000000e+04,-1.155379000000000000e+06,-1.154147500000000000e+06
2.097700000000000000e+04,-1.157345000000000000e+06,-1.154467250000000000e+06
2.098800000000000000e+04,-1.151704000000000000e+06,-1.154190879999999888e+06
2.099900000000000000e+04,-1.155479000000000000e+06,-1.154319620000000112e+06
2.101000000000000000e+04,-1.158470000000000000e+06,-1.154734620000000112e+06
2.102200000000000000e+04,-1.152216000000000000e+06,-1.154482750000000000e+06
2.103300000000000000e+04,-1.154657000000000000e+06,-1.154500120000000112e+06
2.104400000000000000e+04,-1.158824000000000000e+06,-1.154932500000000000e+06
2.105600000000000000e+04,-1.152923000000000000e+06,-1.154731500000000000e+06
2.106700000000000000e+04,-1.154260000000000000e+06,-1.154684250000000000e+06
2.107800000000000000e+04,-1.159379000000000000e+06,-1.155153750000000000e+06
2.109000000000000000e+04,-1.153822000000000000e+06,-1.155020620000000112e+06
2.110100000000000000e+04,-1.153224000000000000e+06,-1.154841000000000000e+06
2.111200000000000000e+04,-1.158939000000000000e+06,-1.155250750000000000e+06
2.112400000000000000e+04,-1.154194000000000000e+06,-1.155145000000000000e+06
2.113500000000000000e+04,-1.152604000000000000e+06,-1.154890879999999888e+06
2.114600000000000000e+04,-1.158483000000000000e+06,-1.155250000000000000e+06
2.115700000000000000e+04,-1.155263000000000000e+06,-1.155251250000000000e+06
2.116900000000000000e+04,-1.152600000000000000e+06,-1.154986120000000112e+06
2.118000000000000000e+04,-1.158782000000000000e+06,-1.155365750000000000e+06
2.119100000000000000e+04,-1.156266000000000000e+06,-1.155455750000000000e+06
2.120300000000000000e+04,-1.152439000000000000e+06,-1.155154000000000000e+06
2.121400000000000000e+04,-1.158540000000000000e+06,-1.155492500000000000e+06
2.122500000000000000e+04,-1.157074000000000000e+06,-1.155650620000000112e+06
2.123700000000000000e+04,-1.152411000000000000e+06,-1.155326620000000112e+06
2.124800000000000000e+04,-1.156459000000000000e+06,-1.155439879999999888e+06
2.125900000000000000e+04,-1.151885000000000000e+06,-1.155084379999999888e+06
2.127100000000000000e+04,-1.157760000000000000e+06,-1.155352000000000000e+06
2.128200000000000000e+04,-1.157139000000000000e+06,-1.155530620000000112e+06
2.129300000000000000e+04,-1.156842000000000000e+06,-1.155661750000000000e+06
2.130500000000000000e+04,-1.154298000000000000e+06,-1.155525379999999888e+06
2.131600000000000000e+04,-1.155794000000000000e+06,-1.155552250000000000e+06
2.132700000000000000e+04,-1.156533000000000000e+06,-1.155650250000000000e+06
2.133800000000000000e+04,-1.154855000000000000e+06,-1.155570750000000000e+06
2.135000000000000000e+04,-1.155785000000000000e+06,-1.155592120000000112e+06
2.136100000000000000e+04,-1.156929000000000000e+06,-1.155725750000000000e+06
2.137200000000000000e+04,-1.155520000000000000e+06,-1.155705120000000112e+06
2.138400000000000000e+04,-1.155968000000000000e+06,-1.155731379999999888e+06
2.139500000000000000e+04,-1.157123000000000000e+06,-1.155870500000000000e+06
2.140600000000000000e+04,-1.155163000000000000e+06,-1.155799750000000000e+06
2.141800000000000000e+04,-1.155070000000000000e+06,-1.155726750000000000e+06
2.142900000000000000e+04,-1.156604000000000000e+06,-1.155814500000000000e+06
2.144000000000000000e+04,-1.155135000000000000e+06,-1.155746500000000000e+06
2.145200000000000000e+04,-1.155167000000000000e+06,-1.155688500000000000e+06
2.146300000000000000e+04,-1.156924000000000000e+06,-1.155812000000000000e+06
2.147400000000000000e+04,-1.154800000000000000e+06,-1.155710750000000000e+06
2.148500000000000000e+04,-1.154653000000000000e+06,-1.155604879999999888e+06
2.149700000000000000e+04,-1.156903000000000000e+06,-1.155734620000000112e+06
2.150800000000000000e+04,-1.156127000000000000e+06,-1.155773879999999888e+06
2.151900000000000000e+04,-1.154988000000000000e+06,-1.155695250000000000e+06
2.153100000000000000e+04,-1.156641000000000000e+06,-1.155789750000000000e+06
2.154200000000000000e+04,-1.156602000000000000e+06,-1.155871000000000000e+06
2.155300000000000000e+04,-1.156158000000000000e+06,-1.155899620000000112e+06
2.156500000000000000e+04,-1.157938000000000000e+06,-1.156103379999999888e+06
2.157600000000000000e+04,-1.157181000000000000e+06,-1.156211120000000112e+06
2.158700000000000000e+04,-1.155284000000000000e+06,-1.156118379999999888e+06
2.159900000000000000e+04,-1.157534000000000000e+06,-1.156259879999999888e+06
2.161000000000000000e+04,-1.157723000000000000e+06,-1.156406120000000112e+06
2.162100000000000000e+04,-1.155696000000000000e+06,-1.156335120000000112e+06
2.163300000000000000e+04,-1.157080000000000000e+06,-1.156409500000000000e+06
2.164400000000000000e+04,-1.157688000000000000e+06,-1.156537250000000000e+06
2.165500000000000000e+04,-1.156254000000000000e+06,-1.156508879999999888e+06
2.166600000000000000e+04,-1.157135000000000000e+06,-1.156571500000000000e+06
2.167800000000000000e+04,-1.157770000000000000e+06,-1.156691250000000000e+06
2.168900000000000000e+04,-1.155982000000000000e+06,-1.156620379999999888e+06
2.170000000000000000e+04,-1.156675000000000000e+06,-1.156625750000000000e+06
2.171200000000000000e+04,-1.158217000000000000e+06,-1.156784879999999888e+06
2.172300000000000000e+04,-1.156615000000000000e+06,-1.156767879999999888e+06
2.173400000000000000e+04,-1.156892000000000000e+06,-1.156780250000000000e+06
2.174600000000000000e+04,-1.158860000000000000e+06,-1.156988250000000000e+06
2.175700000000000000e+04,-1.157234000000000000e+06,-1.157012750000000000e+06
2.176800000000000000e+04,-1.156986000000000000e+06,-1.157010000000000000e+06
2.178000000000000000e+04,-1.159037000000000000e+06,-1.157212750000000000e+06
2.179100000000000000e+04,-1.157892000000000000e+06,-1.157280620000000112e+06
2.180200000000000000e+04,-1.157143000000000000e+06,-1.157266879999999888e+06
2.181300000000000000e+04,-1.158718000000000000e+06,-1.157412000000000000e+06
2.182500000000000000e+04,-1.157617000000000000e+06,-1.157432500000000000e+06
2.183600000000000000e+04,-1.156462000000000000e+06,-1.157335500000000000e+06
2.184700000000000000e+04,-1.158508000000000000e+06,-1.157452750000000000e+06
2.185900000000000000e+04,-1.157821000000000000e+06,-1.157489500000000000e+06
2.187000000000000000e+04,-1.156550000000000000e+06,-1.157395500000000000e+06
2.188100000000000000e+04,-1.158874000000000000e+06,-1.157543379999999888e+06
2.189300000000000000e+04,-1.158897000000000000e+06,-1.157678750000000000e+06
2.190400000000000000e+04,-1.157326000000000000e+06,-1.157643500000000000e+06
2.191500000000000000e+04,-1.158682000000000000e+06,-1.157747379999999888e+06
2.192700000000000000e+04,-1.158764000000000000e+06,-1.157849000000000000e+06
2.193800000000000000e+04,-1.157105000000000000e+06,-1.157774500000000000e+06
2.194900000000000000e+04,-1.158760000000000000e+06,-1.157873000000000000e+06
2.196000000000000000e+04,-1.159259000000000000e+06,-1.158011620000000112e+06
2.197200000000000000e+04,-1.157296000000000000e+06,-1.157940000000000000e+06
2.198300000000000000e+04,-1.158987000000000000e+06,-1.158044750000000000e+06
2.199400000000000000e+04,-1.159940000000000000e+06,-1.158234250000000000e+06
2.200600000000000000e+04,-1.157607000000000000e+06,-1.158171500000000000e+06
2.201700000000000000e+04,-1.158885000000000000e+06,-1.158242750000000000e+06
2.202800000000000000e+04,-1.160088000000000000e+06,-1.158427250000000000e+06
2.204000000000000000e+04,-1.157685000000000000e+06,-1.158353000000000000e+06
2.205100000000000000e+04,-1.158140000000000000e+06,-1.158331750000000000e+06
2.206200000000000000e+04,-1.159847000000000000e+06,-1.158483250000000000e+06
2.207400000000000000e+04,-1.158043000000000000e+06,-1.158439120000000112e+06
2.208500000000000000e+04,-1.157706000000000000e+06,-1.158365750000000000e+06
2.209600000000000000e+04,-1.160092000000000000e+06,-1.158538379999999888e+06
2.210800000000000000e+04,-1.158841000000000000e+06,-1.158568620000000112e+06
2.211900000000000000e+04,-1.157991000000000000e+06,-1.158510879999999888e+06
2.213000000000000000e+04,-1.159664000000000000e+06,-1.158626120000000112e+06
2.214100000000000000e+04,-1.159891000000000000e+06,-1.158752620000000112e+06
2.215300000000000000e+04,-1.158361000000000000e+06,-1.158713379999999888e+06
2.216400000000000000e+04,-1.159316000000000000e+06,-1.158773620000000112e+06
2.217500000000000000e+04,-1.159147000000000000e+06,-1.158811000000000000e+06
2.218700000000000000e+04,-1.158098000000000000e+06,-1.158739620000000112e+06
2.219800000000000000e+04,-1.159788000000000000e+06,-1.158844379999999888e+06
2.220900000000000000e+04,-1.160023000000000000e+06,-1.158962250000000000e+06
2.222100000000000000e+04,-1.158859000000000000e+06,-1.158951879999999888e+06
2.223200000000000000e+04,-1.159108000000000000e+06,-1.158967500000000000e+06
2.224300000000000000e+04,-1.159568000000000000e+06,-1.159027500000000000e+06
2.225500000000000000e+04,-1.158930000000000000e+06,-1.159017750000000000e+06
2.226600000000000000e+04,-1.159698000000000000e+06,-1.159085750000000000e+06
2.227700000000000000e+04,-1.159937000000000000e+06,-1.159170879999999888e+06
2.228800000000000000e+04,-1.158756000000000000e+06,-1.159129379999999888e+06
2.230000000000000000e+04,-1.159335000000000000e+06,-1.159150000000000000e+06
2.231100000000000000e+04,-1.159845000000000000e+06,-1.159219500000000000e+06
2.232200000000000000e+04,-1.158770000000000000e+06,-1.159174500000000000e+06
2.233400000000000000e+04,-1.159283000000000000e+06,-1.159185250000000000e+06
2.234500000000000000e+04,-1.160227000000000000e+06,-1.159289379999999888e+06
2.235600000000000000e+04,-1.159296000000000000e+06,-1.159290000000000000e+06
2.236800000000000000e+04,-1.158930000000000000e+06,-1.159254000000000000e+06
2.237900000000000000e+04,-1.159496000000000000e+06,-1.159278120000000112e+06
2.239000000000000000e+04,-1.158522000000000000e+06,-1.159202500000000000e+06
2.240200000000000000e+04,-1.158700000000000000e+06,-1.159152250000000000e+06
2.241300000000000000e+04,-1.159596000000000000e+06,-1.159196620000000112e+06
2.242400000000000000e+04,-1.159481000000000000e+06,-1.159225000000000000e+06
2.243600000000000000e+04,-1.156033000000000000e+06,-1.158905750000000000e+06
2.244700000000000000e+04,-1.159981000000000000e+06,-1.159013250000000000e+06
2.245800000000000000e+04,-1.159696000000000000e+06,-1.159081500000000000e+06
2.246900000000000000e+04,-1.159212000000000000e+06,-1.159094500000000000e+06
2.248100000000000000e+04,-1.161043000000000000e+06,-1.159289250000000000e+06
2.249200000000000000e+04,-1.159710000000000000e+06,-1.159331250000000000e+06
2.250300000000000000e+04,-1.158531000000000000e+06,-1.159251250000000000e+06
2.251500000000000000e+04,-1.160574000000000000e+06,-1.159383500000000000e+06
2.252600000000000000e+04,-1.159957000000000000e+06,-1.159440879999999888e+06
2.253700000000000000e+04,-1.158126000000000000e+06,-1.159309379999999888e+06
2.254900000000000000e+04,-1.160181000000000000e+06,-1.159396500000000000e+06
2.256000000000000000e+04,-1.160526000000000000e+06,-1.159509379999999888e+06
2.257100000000000000e+04,-1.158688000000000000e+06,-1.159427250000000000e+06
2.258300000000000000e+04,-1.159657000000000000e+06,-1.159450250000000000e+06
2.259400000000000000e+04,-1.160573000000000000e+06,-1.159562500000000000e+06
2.260500000000000000e+04,-1.158819000000000000e+06,-1.159488120000000112e+06
2.261600000000000000e+04,-1.160055000000000000e+06,-1.159544750000000000e+06
2.262800000000000000e+04,-1.160684000000000000e+06,-1.159658620000000112e+06
2.263900000000000000e+04,-1.158750000000000000e+06,-1.159567750000000000e+06
2.265000000000000000e+04,-1.160017000000000000e+06,-1.159612620000000112e+06
2.266200000000000000e+04,-1.160756000000000000e+06,-1.159726879999999888e+06
2.267300000000000000e+04,-1.158966000000000000e+06,-1.159650750000000000e+06
2.268400000000000000e+04,-1.159576000000000000e+06,-1.159643250000000000e+06
2.269600000000000000e+04,-1.160734000000000000e+06,-1.159752250000000000e+06
2.270700000000000000e+04,-1.159076000000000000e+06,-1.159684620000000112e+06
2.271800000000000000e+04,-1.159412000000000000e+06,-1.159657379999999888e+06
2.273000000000000000e+04,-1.161387000000000000e+06,-1.159830379999999888e+06
2.274100000000000000e+04,-1.159196000000000000e+06,-1.159766879999999888e+06
2.275200000000000000e+04,-1.158837000000000000e+06,-1.159673879999999888e+06
2.276400000000000000e+04,-1.161413000000000000e+06,-1.159847750000000000e+06
2.277500000000000000e+04,-1.159730000000000000e+06,-1.159836000000000000e+06
2.278600000000000000e+04,-1.159044000000000000e+06,-1.159756750000000000e+06
2.279700000000000000e+04,-1.161103000000000000e+06,-1.159891379999999888e+06
2.280900000000000000e+04,-1.159611000000000000e+06,-1.159863250000000000e+06
2.282000000000000000e+04,-1.158731000000000000e+06,-1.159750000000000000e+06
2.283100000000000000e+04,-1.160743000000000000e+06,-1.159849250000000000e+06
2.284300000000000000e+04,-1.164704000000000000e+06,-1.160334750000000000e+06
2.285400000000000000e+04,-1.154448000000000000e+06,-1.159746000000000000e+06
2.286500000000000000e+04,-1.162086000000000000e+06,-1.159980000000000000e+06
2.287700000000000000e+04,-1.162105000000000000e+06,-1.160192500000000000e+06
2.288800000000000000e+04,-1.156463000000000000e+06,-1.159819500000000000e+06
2.289900000000000000e+04,-1.161859000000000000e+06,-1.160023379999999888e+06
2.291100000000000000e+04,-1.163026000000000000e+06,-1.160323620000000112e+06
2.292200000000000000e+04,-1.156772000000000000e+06,-1.159968500000000000e+06
2.293300000000000000e+04,-1.160493000000000000e+06,-1.160020879999999888e+06
2.294400000000000000e+04,-1.163720000000000000e+06,-1.160390750000000000e+06
2.295600000000000000e+04,-1.157864000000000000e+06,-1.160138000000000000e+06
2.296700000000000000e+04,-1.160758000000000000e+06,-1.160200000000000000e+06
2.297800000000000000e+04,-1.164547000000000000e+06,-1.160634750000000000e+06
2.299000000000000000e+04,-1.158246000000000000e+06,-1.160395879999999888e+06
2.300100000000000000e+04,-1.159393000000000000e+06,-1.160295500000000000e+06
2.301200000000000000e+04,-1.164304000000000000e+06,-1.160696379999999888e+06
2.302400000000000000e+04,-1.159087000000000000e+06,-1.160535379999999888e+06
2.303500000000000000e+04,-1.159052000000000000e+06,-1.160387000000000000e+06
2.304600000000000000e+04,-1.164463000000000000e+06,-1.160794500000000000e+06
2.305800000000000000e+04,-1.159878000000000000e+06,-1.160702750000000000e+06
2.306900000000000000e+04,-1.158646000000000000e+06,-1.160497000000000000e+06
2.308000000000000000e+04,-1.164714000000000000e+06,-1.160918620000000112e+06
2.309200000000000000e+04,-1.161022000000000000e+06,-1.160929000000000000e+06
2.310300000000000000e+04,-1.158253000000000000e+06,-1.160661379999999888e+06
2.311400000000000000e+04,-1.164345000000000000e+06,-1.161029750000000000e+06
2.312500000000000000e+04,-1.161955000000000000e+06,-1.161122250000000000e+06
2.313700000000000000e+04,-1.158072000000000000e+06,-1.160817250000000000e+06
2.314800000000000000e+04,-1.164028000000000000e+06,-1.161138250000000000e+06
2.315900000000000000e+04,-1.162447000000000000e+06,-1.161269120000000112e+06
2.317100000000000000e+04,-1.157433000000000000e+06,-1.160885500000000000e+06
2.318200000000000000e+04,-1.163119000000000000e+06,-1.161108879999999888e+06
2.319300000000000000e+04,-1.163131000000000000e+06,-1.161311000000000000e+06
2.320500000000000000e+04,-1.157829000000000000e+06,-1.160962750000000000e+06
2.321600000000000000e+04,-1.163024000000000000e+06,-1.161168879999999888e+06
2.322700000000000000e+04,-1.164064000000000000e+06,-1.161458379999999888e+06
2.323900000000000000e+04,-1.157941000000000000e+06,-1.161106620000000112e+06
2.325000000000000000e+04,-1.162210000000000000e+06,-1.161217000000000000e+06
2.326100000000000000e+04,-1.165269000000000000e+06,-1.161622120000000112e+06
2.327200000000000000e+04,-1.159177000000000000e+06,-1.161377620000000112e+06
2.328400000000000000e+04,-1.161703000000000000e+06,-1.161410120000000112e+06
2.329500000000000000e+04,-1.165107000000000000e+06,-1.161779750000000000e+06
2.330600000000000000e+04,-1.158918000000000000e+06,-1.161493500000000000e+06
2.331800000000000000e+04,-1.160207000000000000e+06,-1.161364879999999888e+06
2.332900000000000000e+04,-1.164744000000000000e+06,-1.161702750000000000e+06
2.334000000000000000e+04,-1.158993000000000000e+06,-1.161431750000000000e+06
2.335200000000000000e+04,-1.159219000000000000e+06,-1.161210500000000000e+06
2.336300000000000000e+04,-1.164550000000000000e+06,-1.161544500000000000e+06
2.337400000000000000e+04,-1.159373000000000000e+06,-1.161327250000000000e+06
2.338600000000000000e+04,-1.158218000000000000e+06,-1.161016250000000000e+06
2.339700000000000000e+04,-1.164763000000000000e+06,-1.161390879999999888e+06
2.340800000000000000e+04,-1.160842000000000000e+06,-1.161336000000000000e+06
2.342000000000000000e+04,-1.157992000000000000e+06,-1.161001620000000112e+06
2.343100000000000000e+04,-1.164214000000000000e+06,-1.161322879999999888e+06
2.344200000000000000e+04,-1.161835000000000000e+06,-1.161374000000000000e+06
2.345300000000000000e+04,-1.158644000000000000e+06,-1.161101000000000000e+06
2.346500000000000000e+04,-1.164734000000000000e+06,-1.161464250000000000e+06
2.347600000000000000e+04,-1.162837000000000000e+06,-1.161601500000000000e+06
2.348700000000000000e+04,-1.157692000000000000e+06,-1.161210500000000000e+06
2.349900000000000000e+04,-1.163851000000000000e+06,-1.161474500000000000e+06
2.351000000000000000e+04,-1.163443000000000000e+06,-1.161671250000000000e+06
2.352100000000000000e+04,-1.157897000000000000e+06,-1.161293879999999888e+06
2.353300000000000000e+04,-1.163335000000000000e+06,-1.161498000000000000e+06
2.354400000000000000e+04,-1.164309000000000000e+06,-1.161779120000000112e+06
2.355500000000000000e+04,-1.158138000000000000e+06,-1.161415000000000000e+06
2.356700000000000000e+04,-1.161941000000000000e+06,-1.161467620000000112e+06
2.357800000000000000e+04,-1.164877000000000000e+06,-1.161808500000000000e+06
2.358900000000000000e+04,-1.158780000000000000e+06,-1.161505620000000112e+06
2.360000000000000000e+04,-1.161301000000000000e+06,-1.161485120000000112e+06
2.361200000000000000e+04,-1.164861000000000000e+06,-1.161822620000000112e+06
2.362300000000000000e+04,-1.158848000000000000e+06,-1.161525120000000112e+06
2.363400000000000000e+04,-1.160523000000000000e+06,-1.161424879999999888e+06
2.364600000000000000e+04,-1.165457000000000000e+06,-1.161828120000000112e+06
2.365700000000000000e+04,-1.160167000000000000e+06,-1.161662000000000000e+06
2.366800000000000000e+04,-1.159957000000000000e+06,-1.161491500000000000e+06
2.368000000000000000e+04,-1.165742000000000000e+06,-1.161916500000000000e+06
2.369100000000000000e+04,-1.160732000000000000e+06,-1.161798000000000000e+06
2.370200000000000000e+04,-1.159202000000000000e+06,-1.161538379999999888e+06
2.371400000000000000e+04,-1.164929000000000000e+06,-1.161877379999999888e+06
2.372500000000000000e+04,-1.160720000000000000e+06,-1.161761620000000112e+06
2.373600000000000000e+04,-1.158481000000000000e+06,-1.161433500000000000e+06
2.374800000000000000e+04,-1.164826000000000000e+06,-1.161772750000000000e+06
2.375900000000000000e+04,-1.161573000000000000e+06,-1.161752750000000000e+06
2.377000000000000000e+04,-1.157886000000000000e+06,-1.161366000000000000e+06
2.378100000000000000e+04,-1.164385000000000000e+06,-1.161667879999999888e+06
2.379300000000000000e+04,-1.162153000000000000e+06,-1.161716379999999888e+06
2.380400000000000000e+04,-1.157386000000000000e+06,-1.161283250000000000e+06
2.381500000000000000e+04,-1.163094000000000000e+06,-1.161464250000000000e+06
2.382700000000000000e+04,-1.163000000000000000e+06,-1.161617750000000000e+06
2.383800000000000000e+04,-1.157973000000000000e+06,-1.161253250000000000e+06
2.384900000000000000e+04,-1.162848000000000000e+06,-1.161412620000000112e+06
2.386100000000000000e+04,-1.163745000000000000e+06,-1.161645750000000000e+06
2.387200000000000000e+04,-1.157792000000000000e+06,-1.161260379999999888e+06
2.388300000000000000e+04,-1.161622000000000000e+06,-1.161296500000000000e+06
2.389500000000000000e+04,-1.163756000000000000e+06,-1.161542379999999888e+06
2.390600000000000000e+04,-1.157664000000000000e+06,-1.161154500000000000e+06
2.391700000000000000e+04,-1.160852000000000000e+06,-1.161124250000000000e+06
2.392800000000000000e+04,-1.164287000000000000e+06,-1.161440500000000000e+06
2.394000000000000000e+04,-1.157801000000000000e+06,-1.161076500000000000e+06
2.395100000000000000e+04,-1.159509000000000000e+06,-1.160919750000000000e+06
2.396200000000000000e+04,-1.164113000000000000e+06,-1.161239000000000000e+06
2.397400000000000000e+04,-1.158500000000000000e+06,-1.160965000000000000e+06
2.398500000000000000e+04,-1.158633000000000000e+06,-1.160731750000000000e+06
2.399600000000000000e+04,-1.164108000000000000e+06,-1.161069379999999888e+06
2.400800000000000000e+04,-1.158801000000000000e+06,-1.160842500000000000e+06
2.401900000000000000e+04,-1.157998000000000000e+06,-1.160558000000000000e+06
2.403000000000000000e+04,-1.163848000000000000e+06,-1.160887000000000000e+06
2.404200000000000000e+04,-1.159422000000000000e+06,-1.160740500000000000e+06
2.405300000000000000e+04,-1.157177000000000000e+06,-1.160384120000000112e+06
2.406400000000000000e+04,-1.163158000000000000e+06,-1.160661500000000000e+06
2.407600000000000000e+04,-1.159833000000000000e+06,-1.160578620000000112e+06
2.408700000000000000e+04,-1.156396000000000000e+06,-1.160160379999999888e+06
2.409800000000000000e+04,-1.162966000000000000e+06,-1.160440879999999888e+06
2.410900000000000000e+04,-1.161501000000000000e+06,-1.160546879999999888e+06
2.412100000000000000e+04,-1.157692000000000000e+06,-1.160261379999999888e+06
2.413200000000000000e+04,-1.178921000000000000e+06,-1.162127250000000000e+06
2.414300000000000000e+04,-1.163608000000000000e+06,-1.162275250000000000e+06
2.415500000000000000e+04,-1.158461000000000000e+06,-1.161893750000000000e+06
2.416600000000000000e+04,-1.160459000000000000e+06,-1.161750250000000000e+06
2.417700000000000000e+04,-1.160342000000000000e+06,-1.161609379999999888e+06
2.418900000000000000e+04,-1.158207000000000000e+06,-1.161269120000000112e+06
2.420000000000000000e+04,-1.159401000000000000e+06,-1.161082250000000000e+06
2.421100000000000000e+04,-1.159518000000000000e+06,-1.160925750000000000e+06
2.422300000000000000e+04,-1.157257000000000000e+06,-1.160558879999999888e+06
2.423400000000000000e+04,-1.158678000000000000e+06,-1.160370750000000000e+06
2.424500000000000000e+04,-1.159764000000000000e+06,-1.160310000000000000e+06
2.425600000000000000e+04,-1.157907000000000000e+06,-1.160069750000000000e+06
2.426800000000000000e+04,-1.159379000000000000e+06,-1.160000620000000112e+06
2.427900000000000000e+04,-1.158996000000000000e+06,-1.159900120000000112e+06
2.429000000000000000e+04,-1.158452000000000000e+06,-1.159755250000000000e+06
2.430200000000000000e+04,-1.158333000000000000e+06,-1.159613000000000000e+06
2.431300000000000000e+04,-1.159573000000000000e+06,-1.159609000000000000e+06
2.432400000000000000e+04,-1.158173000000000000e+06,-1.159465379999999888e+06
2.433600000000000000e+04,-1.157108000000000000e+06,-1.159229620000000112e+06
2.434700000000000000e+04,-1.159035000000000000e+06,-1.159210120000000112e+06
2.435800000000000000e+04,-1.157666000000000000e+06,-1.159055620000000112e+06
2.437000000000000000e+04,-1.157619000000000000e+06,-1.158912000000000000e+06
2.438100000000000000e+04,-1.158903000000000000e+06,-1.158911000000000000e+06
2.439200000000000000e+04,-1.157351000000000000e+06,-1.158755000000000000e+06
2.440400000000000000e+04,-1.157758000000000000e+06,-1.158655250000000000e+06
2.441500000000000000e+04,-1.159443000000000000e+06,-1.158734000000000000e+06
2.442600000000000000e+04,-1.159061000000000000e+06,-1.158766620000000112e+06
2.443700000000000000e+04,-1.157802000000000000e+06,-1.158670120000000112e+06
2.444900000000000000e+04,-1.158981000000000000e+06,-1.158701120000000112e+06
2.446000000000000000e+04,-1.159055000000000000e+06,-1.158736500000000000e+06
2.447100000000000000e+04,-1.157892000000000000e+06,-1.158652000000000000e+06
2.448300000000000000e+04,-1.159476000000000000e+06,-1.158734379999999888e+06
2.449400000000000000e+04,-1.159165000000000000e+06,-1.158777500000000000e+06
2.450500000000000000e+04,-1.157685000000000000e+06,-1.158668250000000000e+06
2.451700000000000000e+04,-1.158797000000000000e+06,-1.158681120000000112e+06
2.452800000000000000e+04,-1.159478000000000000e+06,-1.158760750000000000e+06
2.453900000000000000e+04,-1.158531000000000000e+06,-1.158737750000000000e+06
2.455100000000000000e+04,-1.159203000000000000e+06,-1.158784250000000000e+06
2.456200000000000000e+04,-1.159366000000000000e+06,-1.158842379999999888e+06
2.457300000000000000e+04,-1.157833000000000000e+06,-1.158741379999999888e+06
2.458400000000000000e+04,-1.158267000000000000e+06,-1.158693879999999888e+06
2.459600000000000000e+04,-1.159314000000000000e+06,-1.158755879999999888e+06
2.460700000000000000e+04,-1.158343000000000000e+06,-1.158714500000000000e+06
2.461800000000000000e+04,-1.158388000000000000e+06,-1.158681750000000000e+06
2.463000000000000000e+04,-1.159298000000000000e+06,-1.158743379999999888e+06
2.464100000000000000e+04,-1.158165000000000000e+06,-1.158685500000000000e+06
2.465200000000000000e+04,-1.158142000000000000e+06,-1.158631120000000112e+06
2.466400000000000000e+04,-1.159112000000000000e+06,-1.158679250000000000e+06
2.467500000000000000e+04,-1.158383000000000000e+06,-1.158649620000000112e+06
2.468600000000000000e+04,-1.158145000000000000e+06,-1.158599120000000112e+06
2.469800000000000000e+04,-1.159227000000000000e+06,-1.158661879999999888e+06
2.470900000000000000e+04,-1.158848000000000000e+06,-1.158680500000000000e+06
2.472000000000000000e+04,-1.158153000000000000e+06,-1.158627750000000000e+06
2.473200000000000000e+04,-1.158933000000000000e+06,-1.158658250000000000e+06
2.474300000000000000e+04,-1.158450000000000000e+06,-1.158637379999999888e+06
2.475400000000000000e+04,-1.157583000000000000e+06,-1.158531879999999888e+06
2.476500000000000000e+04,-1.158889000000000000e+06,-1.158567620000000112e+06
2.477700000000000000e+04,-1.158918000000000000e+06,-1.158602620000000112e+06
2.478800000000000000e+04,-1.158123000000000000e+06,-1.158554620000000112e+06
2.479900000000000000e+04,-1.159003000000000000e+06,-1.158599379999999888e+06
2.481100000000000000e+04,-1.159212000000000000e+06,-1.158660620000000112e+06
2.482200000000000000e+04,-1.157513000000000000e+06,-1.158545879999999888e+06
2.483300000000000000e+04,-1.158317000000000000e+06,-1.158523000000000000e+06
2.484500000000000000e+04,-1.159344000000000000e+06,-1.158605120000000112e+06
2.485600000000000000e+04,-1.158566000000000000e+06,-1.158601120000000112e+06
2.486700000000000000e+04,-1.158900000000000000e+06,-1.158631000000000000e+06
2.487900000000000000e+04,-1.159208000000000000e+06,-1.158688620000000112e+06
2.489000000000000000e+04,-1.158340000000000000e+06,-1.158653750000000000e+06
2.490100000000000000e+04,-1.158980000000000000e+06,-1.158686379999999888e+06
2.491200000000000000e+04,-1.159686000000000000e+06,-1.158786250000000000e+06
2.492400000000000000e+04,-1.158741000000000000e+06,-1.158781750000000000e+06
2.493500000000000000e+04,-1.158659000000000000e+06,-1.158769500000000000e+06
2.494600000000000000e+04,-1.159264000000000000e+06,-1.158818879999999888e+06
2.495800000000000000e+04,-1.158181000000000000e+06,-1.158755000000000000e+06
2.496900000000000000e+04,-1.158384000000000000e+06,-1.158717879999999888e+06
2.498000000000000000e+04,-1.159466000000000000e+06,-1.158792620000000112e+06
2.499200000000000000e+04,-1.158739000000000000e+06,-1.158787250000000000e+06
2.500300000000000000e+04,-1.158450000000000000e+06,-1.158753500000000000e+06
2.501400000000000000e+04,-1.159609000000000000e+06,-1.158839000000000000e+06
2.502600000000000000e+04,-1.159329000000000000e+06,-1.158888000000000000e+06
2.503700000000000000e+04,-1.158812000000000000e+06,-1.158880379999999888e+06
2.504800000000000000e+04,-1.159445000000000000e+06,-1.158936750000000000e+06
2.506000000000000000e+04,-1.159520000000000000e+06,-1.158995000000000000e+06
2.507100000000000000e+04,-1.158563000000000000e+06,-1.158951750000000000e+06
2.508200000000000000e+04,-1.159583000000000000e+06,-1.159014879999999888e+06
2.509300000000000000e+04,-1.159268000000000000e+06,-1.159040120000000112e+06
2.510500000000000000e+04,-1.158858000000000000e+06,-1.159021879999999888e+06
2.511600000000000000e+04,-1.157922000000000000e+06,-1.158911879999999888e+06
2.512700000000000000e+04,-1.158409000000000000e+06,-1.158861620000000112e+06
2.513900000000000000e+04,-1.157816000000000000e+06,-1.158757000000000000e+06
2.515000000000000000e+04,-1.159821000000000000e+06,-1.158863379999999888e+06
2.516100000000000000e+04,-1.160071000000000000e+06,-1.158984120000000112e+06
2.517300000000000000e+04,-1.158390000000000000e+06,-1.158924750000000000e+06
2.518400000000000000e+04,-1.159899000000000000e+06,-1.159022120000000112e+06
2.519500000000000000e+04,-1.160481000000000000e+06,-1.159168000000000000e+06
2.520700000000000000e+04,-1.158238000000000000e+06,-1.159075000000000000e+06
2.521800000000000000e+04,-1.158718000000000000e+06,-1.159039250000000000e+06
2.522900000000000000e+04,-1.159881000000000000e+06,-1.159123379999999888e+06
2.524100000000000000e+04,-1.158399000000000000e+06,-1.159050879999999888e+06
2.525200000000000000e+04,-1.159136000000000000e+06,-1.159059379999999888e+06
2.526300000000000000e+04,-1.160663000000000000e+06,-1.159219750000000000e+06
2.527400000000000000e+04,-1.158950000000000000e+06,-1.159192750000000000e+06
2.528600000000000000e+04,-1.159102000000000000e+06,-1.159183620000000112e+06
2.529700000000000000e+04,-1.161064000000000000e+06,-1.159371620000000112e+06
2.530800000000000000e+04,-1.159089000000000000e+06,-1.159343379999999888e+06
2.532000000000000000e+04,-1.158792000000000000e+06,-1.159288250000000000e+06
2.533100000000000000e+04,-1.160653000000000000e+06,-1.159424620000000112e+06
2.534200000000000000e+04,-1.159162000000000000e+06,-1.159398379999999888e+06
2.535400000000000000e+04,-1.158535000000000000e+06,-1.159312000000000000e+06
2.536500000000000000e+04,-1.161016000000000000e+06,-1.159482379999999888e+06
2.537600000000000000e+04,-1.160169000000000000e+06,-1.159551000000000000e+06
2.538800000000000000e+04,-1.158695000000000000e+06,-1.159465379999999888e+06
2.539900000000000000e+04,-1.161131000000000000e+06,-1.159631879999999888e+06
2.541000000000000000e+04,-1.160241000000000000e+06,-1.159692750000000000e+06
2.542200000000000000e+04,-1.158614000000000000e+06,-1.159584879999999888e+06
2.543300000000000000e+04,-1.160596000000000000e+06,-1.159686000000000000e+06
2.544400000000000000e+04,-1.160439000000000000e+06,-1.159761250000000000e+06
2.545500000000000000e+04,-1.158795000000000000e+06,-1.159664620000000112e+06
2.546700000000000000e+04,-1.160986000000000000e+06,-1.159796750000000000e+06
2.547800000000000000e+04,-1.161040000000000000e+06,-1.159921000000000000e+06
2.548900000000000000e+04,-1.158973000000000000e+06,-1.159826120000000112e+06
2.550100000000000000e+04,-1.160353000000000000e+06,-1.159878750000000000e+06
2.551200000000000000e+04,-1.160836000000000000e+06,-1.159974500000000000e+06
2.552300000000000000e+04,-1.158989000000000000e+06,-1.159875879999999888e+06
2.553500000000000000e+04,-1.159931000000000000e+06,-1.159881379999999888e+06
2.554600000000000000e+04,-1.160886000000000000e+06,-1.159981750000000000e+06
2.555700000000000000e+04,-1.159520000000000000e+06,-1.159935500000000000e+06
2.556900000000000000e+04,-1.160574000000000000e+06,-1.159999379999999888e+06
2.558000000000000000e+04,-1.161828000000000000e+06,-1.160182250000000000e+06
2.559100000000000000e+04,-1.159265000000000000e+06,-1.160090500000000000e+06
2.560200000000000000e+04,-1.159231000000000000e+06,-1.160004500000000000e+06
2.561400000000000000e+04,-1.160990000000000000e+06,-1.160103000000000000e+06
2.562500000000000000e+04,-1.159315000000000000e+06,-1.160024250000000000e+06
2.563600000000000000e+04,-1.159228000000000000e+06,-1.159944620000000112e+06
2.564800000000000000e+04,-1.161660000000000000e+06,-1.160116120000000112e+06
2.565900000000000000e+04,-1.160001000000000000e+06,-1.160104620000000112e+06
2.567000000000000000e+04,-1.158832000000000000e+06,-1.159977379999999888e+06
2.568200000000000000e+04,-1.161619000000000000e+06,-1.160141500000000000e+06
2.569300000000000000e+04,-1.164548000000000000e+06,-1.160582120000000112e+06
2.570400000000000000e+04,-1.152489000000000000e+06,-1.159772750000000000e+06
2.571600000000000000e+04,-1.162875000000000000e+06,-1.160083000000000000e+06
2.572700000000000000e+04,-1.161251000000000000e+06,-1.160199750000000000e+06
2.573800000000000000e+04,-1.156810000000000000e+06,-1.159860750000000000e+06
2.575000000000000000e+04,-1.162761000000000000e+06,-1.160150750000000000e+06
2.576100000000000000e+04,-1.162224000000000000e+06,-1.160358000000000000e+06
2.577200000000000000e+04,-1.156622000000000000e+06,-1.159984379999999888e+06
2.578300000000000000e+04,-1.161672000000000000e+06,-1.160153120000000112e+06
2.579500000000000000e+04,-1.162921000000000000e+06,-1.160429879999999888e+06
2.580600000000000000e+04,-1.157152000000000000e+06,-1.160102120000000112e+06
2.581700000000000000e+04,-1.161506000000000000e+06,-1.160242500000000000e+06
2.582900000000000000e+04,-1.163916000000000000e+06,-1.160609879999999888e+06
2.584000000000000000e+04,-1.157283000000000000e+06,-1.160277120000000112e+06
2.585100000000000000e+04,-1.160252000000000000e+06,-1.160274620000000112e+06
2.586300000000000000e+04,-1.164188000000000000e+06,-1.160665879999999888e+06
2.587400000000000000e+04,-1.158082000000000000e+06,-1.160407500000000000e+06
2.588500000000000000e+04,-1.159542000000000000e+06,-1.160321000000000000e+06
2.589700000000000000e+04,-1.164265000000000000e+06,-1.160715379999999888e+06
2.590800000000000000e+04,-1.158585000000000000e+06,-1.160502250000000000e+06
2.591900000000000000e+04,-1.159082000000000000e+06,-1.160360250000000000e+06
2.593100000000000000e+04,-1.164387000000000000e+06,-1.160762879999999888e+06
2.594200000000000000e+04,-1.159287000000000000e+06,-1.160615250000000000e+06
2.595300000000000000e+04,-1.158684000000000000e+06,-1.160422120000000112e+06
2.596400000000000000e+04,-1.164386000000000000e+06,-1.160818500000000000e+06
2.597600000000000000e+04,-1.160441000000000000e+06,-1.160780750000000000e+06
2.598700000000000000e+04,-1.158183000000000000e+06,-1.160520879999999888e+06
2.599800000000000000e+04,-1.163919000000000000e+06,-1.160860620000000112e+06
2.601000000000000000e+04,-1.161480000000000000e+06,-1.160922500000000000e+06
2.602100000000000000e+04,-1.158122000000000000e+06,-1.160642500000000000e+06
2.603200000000000000e+04,-1.163668000000000000e+06,-1.160945000000000000e+06
2.604400000000000000e+04,-1.162186000000000000e+06,-1.161069120000000112e+06
2.605500000000000000e+04,-1.157392000000000000e+06,-1.160701379999999888e+06
2.606600000000000000e+04,-1.163292000000000000e+06,-1.160960379999999888e+06
2.607800000000000000e+04,-1.163041000000000000e+06,-1.161168379999999888e+06
2.608900000000000000e+04,-1.157484000000000000e+06,-1.160799879999999888e+06
2.610000000000000000e+04,-1.162585000000000000e+06,-1.160978379999999888e+06
2.611100000000000000e+04,-1.163681000000000000e+06,-1.161248620000000112e+06
2.612300000000000000e+04,-1.157383000000000000e+06,-1.160862000000000000e+06
2.613400000000000000e+04,-1.162092000000000000e+06,-1.160985000000000000e+06
2.614500000000000000e+04,-1.164279000000000000e+06,-1.161314379999999888e+06
2.615700000000000000e+04,-1.157793000000000000e+06,-1.160962250000000000e+06
2.616800000000000000e+04,-1.161352000000000000e+06,-1.161001250000000000e+06
2.617900000000000000e+04,-1.164624000000000000e+06,-1.161363500000000000e+06
2.619100000000000000e+04,-1.158019000000000000e+06,-1.161029000000000000e+06
2.620200000000000000e+04,-1.159151000000000000e+06,-1.160841120000000112e+06
2.621300000000000000e+04,-1.164171000000000000e+06,-1.161174120000000112e+06
2.622500000000000000e+04,-1.158747000000000000e+06,-1.160931379999999888e+06
2.623600000000000000e+04,-1.159177000000000000e+06,-1.160755879999999888e+06
2.624700000000000000e+04,-1.164317000000000000e+06,-1.161112000000000000e+06
2.625900000000000000e+04,-1.159111000000000000e+06,-1.160911879999999888e+06
2.627000000000000000e+04,-1.158541000000000000e+06,-1.160674750000000000e+06
2.628100000000000000e+04,-1.164315000000000000e+06,-1.161038750000000000e+06
2.629200000000000000e+04,-1.160148000000000000e+06,-1.160949620000000112e+06
2.630400000000000000e+04,-1.157846000000000000e+06,-1.160639250000000000e+06
2.631500000000000000e+04,-1.164297000000000000e+06,-1.161005000000000000e+06
2.632600000000000000e+04,-1.161486000000000000e+06,-1.161053120000000112e+06
2.633800000000000000e+04,-1.157595000000000000e+06,-1.160707250000000000e+06
2.634900000000000000e+04,-1.163965000000000000e+06,-1.161033000000000000e+06
2.636000000000000000e+04,-1.162105000000000000e+06,-1.161140250000000000e+06
2.637200000000000000e+04,-1.156988000000000000e+06,-1.160725000000000000e+06
2.638300000000000000e+04,-1.162923000000000000e+06,-1.160944750000000000e+06
2.639400000000000000e+04,-1.161759000000000000e+06,-1.161026120000000112e+06
2.640600000000000000e+04,-1.156072000000000000e+06,-1.160530750000000000e+06
2.641700000000000000e+04,-1.161704000000000000e+06,-1.160648000000000000e+06
2.642800000000000000e+04,-1.162828000000000000e+06,-1.160866000000000000e+06
2.643900000000000000e+04,-1.156789000000000000e+06,-1.160458250000000000e+06
2.645100000000000000e+04,-1.161156000000000000e+06,-1.160528000000000000e+06
2.646200000000000000e+04,-1.163280000000000000e+06,-1.160803250000000000e+06
2.647300000000000000e+04,-1.156806000000000000e+06,-1.160403500000000000e+06
2.648500000000000000e+04,-1.160079000000000000e+06,-1.160371000000000000e+06
2.649600000000000000e+04,-1.163356000000000000e+06,-1.160669500000000000e+06
2.650700000000000000e+04,-1.157387000000000000e+06,-1.160341250000000000e+06
2.651900000000000000e+04,-1.159276000000000000e+06,-1.160234750000000000e+06
2.653000000000000000e+04,-1.163012000000000000e+06,-1.160512500000000000e+06
2.654100000000000000e+04,-1.157699000000000000e+06,-1.160231120000000112e+06
2.655300000000000000e+04,-1.158931000000000000e+06,-1.160101120000000112e+06
2.656400000000000000e+04,-1.164076000000000000e+06,-1.160498620000000112e+06
2.657500000000000000e+04,-1.158586000000000000e+06,-1.160307379999999888e+06
2.658700000000000000e+04,-1.157759000000000000e+06,-1.160052500000000000e+06
2.659800000000000000e+04,-1.163665000000000000e+06,-1.160413750000000000e+06
2.660900000000000000e+04,-1.159204000000000000e+06,-1.160292750000000000e+06
2.662000000000000000e+04,-1.157640000000000000e+06,-1.160027500000000000e+06
2.663200000000000000e+04,-1.163880000000000000e+06,-1.160412750000000000e+06
2.664300000000000000e+04,-1.160124000000000000e+06,-1.160383879999999888e+06
2.665400000000000000e+04,-1.156346000000000000e+06,-1.159980000000000000e+06
2.666600000000000000e+04,-1.162462000000000000e+06,-1.160228250000000000e+06
2.667700000000000000e+04,-1.160610000000000000e+06,-1.160266379999999888e+06
2.668800000000000000e+04,-1.156606000000000000e+06,-1.159900250000000000e+06
2.670000000000000000e+04,-1.162206000000000000e+06,-1.160130750000000000e+06
2.671100000000000000e+04,-1.161269000000000000e+06,-1.160244500000000000e+06
2.672200000000000000e+04,-1.156011000000000000e+06,-1.159821120000000112e+06
2.673400000000000000e+04,-1.160952000000000000e+06,-1.159934250000000000e+06
2.674500000000000000e+04,-1.161942000000000000e+06,-1.160135000000000000e+06
2.675600000000000000e+04,-1.155992000000000000e+06,-1.159720750000000000e+06
2.676700000000000000e+04,-1.160226000000000000e+06,-1.159771250000000000e+06
2.677900000000000000e+04,-1.162336000000000000e+06,-1.160027750000000000e+06
2.679000000000000000e+04,-1.156049000000000000e+06,-1.159629879999999888e+06
2.680100000000000000e+04,-1.159209000000000000e+06,-1.159587750000000000e+06
2.681300000000000000e+04,-1.162684000000000000e+06,-1.159897379999999888e+06
2.682400000000000000e+04,-1.156593000000000000e+06,-1.159566879999999888e+06
2.683500000000000000e+04,-1.158351000000000000e+06,-1.159445250000000000e+06
2.684700000000000000e+04,-1.162589000000000000e+06,-1.159759620000000112e+06
2.685800000000000000e+04,-1.156646000000000000e+06,-1.159448250000000000e+06
2.686900000000000000e+04,-1.157371000000000000e+06,-1.159240500000000000e+06
2.688100000000000000e+04,-1.162950000000000000e+06,-1.159611500000000000e+06
2.689200000000000000e+04,-1.157853000000000000e+06,-1.159435620000000112e+06
2.690300000000000000e+04,-1.156935000000000000e+06,-1.159185500000000000e+06
2.691500000000000000e+04,-1.162400000000000000e+06,-1.159507000000000000e+06
2.692600000000000000e+04,-1.157977000000000000e+06,-1.159354000000000000e+06
2.693700000000000000e+04,-1.156446000000000000e+06,-1.159063120000000112e+06
2.694800000000000000e+04,-1.162660000000000000e+06,-1.159422750000000000e+06
2.696000000000000000e+04,-1.158940000000000000e+06,-1.159374500000000000e+06
2.697100000000000000e+04,-1.155735000000000000e+06,-1.159010500000000000e+06
2.698200000000000000e+04,-1.161403000000000000e+06,-1.159249750000000000e+06
2.699400000000000000e+04,-1.164293000000000000e+06,-1.159754000000000000e+06
2.700500000000000000e+04,-1.167181000000000000e+06,-1.160496620000000112e+06
2.701600000000000000e+04,-1.158594000000000000e+06,-1.160306379999999888e+06
2.702800000000000000e+04,-1.158295000000000000e+06,-1.160105250000000000e+06
2.703900000000000000e+04,-1.156533000000000000e+06,-1.159748000000000000e+06
2.705000000000000000e+04,-1.158750000000000000e+06,-1.159648250000000000e+06
2.706200000000000000e+04,-1.158682000000000000e+06,-1.159551620000000112e+06
2.707300000000000000e+04,-1.156986000000000000e+06,-1.159295000000000000e+06
2.708400000000000000e+04,-1.158636000000000000e+06,-1.159229120000000112e+06
2.709500000000000000e+04,-1.158336000000000000e+06,-1.159139750000000000e+06
2.710700000000000000e+04,-1.156576000000000000e+06,-1.158883379999999888e+06
2.711800000000000000e+04,-1.158185000000000000e+06,-1.158813500000000000e+06
2.712900000000000000e+04,-1.159008000000000000e+06,-1.158832879999999888e+06
2.714100000000000000e+04,-1.157579000000000000e+06,-1.158707500000000000e+06
2.715200000000000000e+04,-1.158940000000000000e+06,-1.158730750000000000e+06
2.716300000000000000e+04,-1.159751000000000000e+06,-1.158832750000000000e+06
2.717500000000000000e+04,-1.157163000000000000e+06,-1.158665750000000000e+06
2.718600000000000000e+04,-1.157809000000000000e+06,-1.158580000000000000e+06
2.719700000000000000e+04,-1.159604000000000000e+06,-1.158682379999999888e+06
2.720900000000000000e+04,-1.157481000000000000e+06,-1.158562250000000000e+06
2.722000000000000000e+04,-1.157544000000000000e+06,-1.158460379999999888e+06
2.723100000000000000e+04,-1.159454000000000000e+06,-1.158559750000000000e+06
2.724300000000000000e+04,-1.157797000000000000e+06,-1.158483500000000000e+06
2.725400000000000000e+04,-1.157549000000000000e+06,-1.158390000000000000e+06
2.726500000000000000e+04,-1.159321000000000000e+06,-1.158483120000000112e+06
2.727600000000000000e+04,-1.158321000000000000e+06,-1.158466879999999888e+06
2.728800000000000000e+04,-1.157114000000000000e+06,-1.158331620000000112e+06
2.729900000000000000e+04,-1.159040000000000000e+06,-1.158402500000000000e+06
2.731000000000000000e+04,-1.158128000000000000e+06,-1.158375000000000000e+06
2.732200000000000000e+04,-1.156421000000000000e+06,-1.158179620000000112e+06
2.733300000000000000e+04,-1.158727000000000000e+06,-1.158234379999999888e+06
2.734400000000000000e+04,-1.157739000000000000e+06,-1.158184879999999888e+06
2.735600000000000000e+04,-1.156321000000000000e+06,-1.157998500000000000e+06
2.736700000000000000e+04,-1.158830000000000000e+06,-1.158081620000000112e+06
2.737800000000000000e+04,-1.158671000000000000e+06,-1.158140500000000000e+06
2.739000000000000000e+04,-1.156765000000000000e+06,-1.158003000000000000e+06
2.740100000000000000e+04,-1.158168000000000000e+06,-1.158019500000000000e+06
2.741200000000000000e+04,-1.158504000000000000e+06,-1.158067879999999888e+06
2.742400000000000000e+04,-1.156845000000000000e+06,-1.157945500000000000e+06
2.743500000000000000e+04,-1.158419000000000000e+06,-1.157992879999999888e+06
2.744600000000000000e+04,-1.158622000000000000e+06,-1.158055750000000000e+06
2.745700000000000000e+04,-1.156133000000000000e+06,-1.157863379999999888e+06
2.746900000000000000e+04,-1.157541000000000000e+06,-1.157831120000000112e+06
2.748000000000000000e+04,-1.159016000000000000e+06,-1.157949620000000112e+06
2.749100000000000000e+04,-1.157119000000000000e+06,-1.157866500000000000e+06
2.750300000000000000e+04,-1.157411000000000000e+06,-1.157820879999999888e+06
2.751400000000000000e+04,-1.158644000000000000e+06,-1.157903120000000112e+06
2.752500000000000000e+04,-1.157060000000000000e+06,-1.157818750000000000e+06
2.753700000000000000e+04,-1.156976000000000000e+06,-1.157734500000000000e+06
2.754800000000000000e+04,-1.158933000000000000e+06,-1.157854250000000000e+06
2.755900000000000000e+04,-1.157247000000000000e+06,-1.157793500000000000e+06
2.757100000000000000e+04,-1.156493000000000000e+06,-1.157663379999999888e+06
2.758200000000000000e+04,-1.158495000000000000e+06,-1.157746500000000000e+06
2.759300000000000000e+04,-1.157363000000000000e+06,-1.157708120000000112e+06
2.760400000000000000e+04,-1.156761000000000000e+06,-1.157613379999999888e+06
2.761600000000000000e+04,-1.158718000000000000e+06,-1.157723750000000000e+06
2.762700000000000000e+04,-1.157576000000000000e+06,-1.157709000000000000e+06
2.763800000000000000e+04,-1.156840000000000000e+06,-1.157622000000000000e+06
2.765000000000000000e+04,-1.158656000000000000e+06,-1.157725379999999888e+06
2.766100000000000000e+04,-1.157949000000000000e+06,-1.157747750000000000e+06
2.767200000000000000e+04,-1.156898000000000000e+06,-1.157662750000000000e+06
2.768400000000000000e+04,-1.158709000000000000e+06,-1.157767379999999888e+06
2.769500000000000000e+04,-1.158218000000000000e+06,-1.157812379999999888e+06
2.770600000000000000e+04,-1.156361000000000000e+06,-1.157667250000000000e+06
2.771800000000000000e+04,-1.158014000000000000e+06,-1.157701879999999888e+06
2.772900000000000000e+04,-1.158012000000000000e+06,-1.157732879999999888e+06
2.774000000000000000e+04,-1.156086000000000000e+06,-1.157568120000000112e+06
2.775200000000000000e+04,-1.157697000000000000e+06,-1.157581000000000000e+06
2.776300000000000000e+04,-1.158719000000000000e+06,-1.157694750000000000e+06
2.777400000000000000e+04,-1.156072000000000000e+06,-1.157532500000000000e+06
2.778500000000000000e+04,-1.156892000000000000e+06,-1.157468500000000000e+06
2.779700000000000000e+04,-1.158482000000000000e+06,-1.157569879999999888e+06
2.780800000000000000e+04,-1.156699000000000000e+06,-1.157482750000000000e+06
2.781900000000000000e+04,-1.156778000000000000e+06,-1.157412250000000000e+06
2.783100000000000000e+04,-1.157852000000000000e+06,-1.157456250000000000e+06
2.784200000000000000e+04,-1.156276000000000000e+06,-1.157338250000000000e+06
2.785300000000000000e+04,-1.156826000000000000e+06,-1.157287000000000000e+06
2.786500000000000000e+04,-1.158452000000000000e+06,-1.157403500000000000e+06
2.787600000000000000e+04,-1.156950000000000000e+06,-1.157358120000000112e+06
2.788700000000000000e+04,-1.156441000000000000e+06,-1.157266379999999888e+06
2.789900000000000000e+04,-1.158220000000000000e+06,-1.157361750000000000e+06
2.791000000000000000e+04,-1.156969000000000000e+06,-1.157322500000000000e+06
2.792100000000000000e+04,-1.156487000000000000e+06,-1.157239000000000000e+06
2.793200000000000000e+04,-1.158232000000000000e+06,-1.157338250000000000e+06
2.794400000000000000e+04,-1.156965000000000000e+06,-1.157300879999999888e+06
2.795500000000000000e+04,-1.155603000000000000e+06,-1.157131000000000000e+06
2.796600000000000000e+04,-1.157685000000000000e+06,-1.157186379999999888e+06
2.797800000000000000e+04,-1.157052000000000000e+06,-1.157172879999999888e+06
2.798900000000000000e+04,-1.156144000000000000e+06,-1.157070000000000000e+06
2.800000000000000000e+04,-1.157811000000000000e+06,-1.157144120000000112e+06
2.801200000000000000e+04,-1.157418000000000000e+06,-1.157171500000000000e+06
2.802300000000000000e+04,-1.155550000000000000e+06,-1.157009250000000000e+06
2.803400000000000000e+04,-1.157371000000000000e+06,-1.157045379999999888e+06
2.804600000000000000e+04,-1.157771000000000000e+06,-1.157117879999999888e+06
2.805700000000000000e+04,-1.155894000000000000e+06,-1.156995500000000000e+06
2.806800000000000000e+04,-1.157421000000000000e+06,-1.157038000000000000e+06
2.808000000000000000e+04,-1.157454000000000000e+06,-1.157079620000000112e+06
2.809100000000000000e+04,-1.155351000000000000e+06,-1.156906750000000000e+06
2.810200000000000000e+04,-1.156879000000000000e+06,-1.156904000000000000e+06
2.811300000000000000e+04,-1.158051000000000000e+06,-1.157018620000000112e+06
2.812500000000000000e+04,-1.155722000000000000e+06,-1.156889000000000000e+06
2.813600000000000000e+04,-1.156311000000000000e+06,-1.156831120000000112e+06
2.814700000000000000e+04,-1.157481000000000000e+06,-1.156896120000000112e+06
2.815900000000000000e+04,-1.156048000000000000e+06,-1.156811250000000000e+06
2.817000000000000000e+04,-1.156198000000000000e+06,-1.156749879999999888e+06
2.818100000000000000e+04,-1.157748000000000000e+06,-1.156849620000000112e+06
2.819300000000000000e+04,-1.156354000000000000e+06,-1.156800000000000000e+06
2.820400000000000000e+04,-1.155992000000000000e+06,-1.156719250000000000e+06
2.821500000000000000e+04,-1.157884000000000000e+06,-1.156835750000000000e+06
2.822700000000000000e+04,-1.156274000000000000e+06,-1.156779500000000000e+06
2.823800000000000000e+04,-1.155746000000000000e+06,-1.156676120000000112e+06
2.824900000000000000e+04,-1.157153000000000000e+06,-1.156723750000000000e+06
2.826000000000000000e+04,-1.155983000000000000e+06,-1.156649620000000112e+06
2.827200000000000000e+04,-1.155012000000000000e+06,-1.156485879999999888e+06
2.828300000000000000e+04,-1.157173000000000000e+06,-1.156554500000000000e+06
2.829400000000000000e+04,-1.156769000000000000e+06,-1.156575879999999888e+06
2.830600000000000000e+04,-1.155154000000000000e+06,-1.156433620000000112e+06
2.831700000000000000e+04,-1.156927000000000000e+06,-1.156483000000000000e+06
2.832800000000000000e+04,-1.156808000000000000e+06,-1.156515500000000000e+06
2.834000000000000000e+04,-1.155437000000000000e+06,-1.156407620000000112e+06
2.835100000000000000e+04,-1.157399000000000000e+06,-1.156506750000000000e+06
2.836200000000000000e+04,-1.157349000000000000e+06,-1.156591000000000000e+06
2.837400000000000000e+04,-1.159444000000000000e+06,-1.156876250000000000e+06
2.838500000000000000e+04,-1.152049000000000000e+06,-1.156393500000000000e+06
2.839600000000000000e+04,-1.158931000000000000e+06,-1.156647250000000000e+06
2.840800000000000000e+04,-1.153326000000000000e+06,-1.156315120000000112e+06
2.841900000000000000e+04,-1.156397000000000000e+06,-1.156323250000000000e+06
2.843000000000000000e+04,-1.160262000000000000e+06,-1.156717120000000112e+06
2.844100000000000000e+04,-1.153921000000000000e+06,-1.156437500000000000e+06
2.845300000000000000e+04,-1.155223000000000000e+06,-1.156316000000000000e+06
2.846400000000000000e+04,-1.160000000000000000e+06,-1.156684379999999888e+06
2.847500000000000000e+04,-1.154798000000000000e+06,-1.156495750000000000e+06
2.848700000000000000e+04,-1.154713000000000000e+06,-1.156317379999999888e+06
2.849800000000000000e+04,-1.159967000000000000e+06,-1.156682379999999888e+06
2.850900000000000000e+04,-1.155346000000000000e+06,-1.156548750000000000e+06
2.852100000000000000e+04,-1.154296000000000000e+06,-1.156323500000000000e+06
2.853200000000000000e+04,-1.160175000000000000e+06,-1.156708620000000112e+06
2.854300000000000000e+04,-1.156198000000000000e+06,-1.156657500000000000e+06
2.855500000000000000e+04,-1.154048000000000000e+06,-1.156396500000000000e+06
2.856600000000000000e+04,-1.160034000000000000e+06,-1.156760250000000000e+06
2.857700000000000000e+04,-1.156479000000000000e+06,-1.156732120000000112e+06
2.858800000000000000e+04,-1.152992000000000000e+06,-1.156358120000000112e+06
2.860000000000000000e+04,-1.159322000000000000e+06,-1.156654500000000000e+06
2.861100000000000000e+04,-1.157872000000000000e+06,-1.156776250000000000e+06
2.862200000000000000e+04,-1.153324000000000000e+06,-1.156431000000000000e+06
2.863400000000000000e+04,-1.158333000000000000e+06,-1.156621120000000112e+06
2.864500000000000000e+04,-1.157887000000000000e+06,-1.156747750000000000e+06
2.865600000000000000e+04,-1.152366000000000000e+06,-1.156309500000000000e+06
2.866800000000000000e+04,-1.157780000000000000e+06,-1.156456500000000000e+06
2.867900000000000000e+04,-1.159280000000000000e+06,-1.156738750000000000e+06
2.869000000000000000e+04,-1.153241000000000000e+06,-1.156389000000000000e+06
2.870200000000000000e+04,-1.157090000000000000e+06,-1.156459000000000000e+06
2.871300000000000000e+04,-1.159692000000000000e+06,-1.156782250000000000e+06
2.872400000000000000e+04,-1.153276000000000000e+06,-1.156431620000000112e+06
2.873600000000000000e+04,-1.156621000000000000e+06,-1.156450500000000000e+06
2.874700000000000000e+04,-1.160298000000000000e+06,-1.156835250000000000e+06
2.875800000000000000e+04,-1.153401000000000000e+06,-1.156491750000000000e+06
2.876900000000000000e+04,-1.155360000000000000e+06,-1.156378500000000000e+06
2.878100000000000000e+04,-1.160070000000000000e+06,-1.156747620000000112e+06
2.879200000000000000e+04,-1.154303000000000000e+06,-1.156503120000000112e+06
2.880300000000000000e+04,-1.154765000000000000e+06,-1.156329250000000000e+06
2.881500000000000000e+04,-1.160031000000000000e+06,-1.156699379999999888e+06
2.882600000000000000e+04,-1.154940000000000000e+06,-1.156523500000000000e+06
2.883700000000000000e+04,-1.153679000000000000e+06,-1.156239000000000000e+06
2.884900000000000000e+04,-1.159563000000000000e+06,-1.156571379999999888e+06
2.886000000000000000e+04,-1.155530000000000000e+06,-1.156467250000000000e+06
2.887100000000000000e+04,-1.153672000000000000e+06,-1.156187750000000000e+06
2.888300000000000000e+04,-1.160180000000000000e+06,-1.156587000000000000e+06
